"","x"
"1",NA
"2",NA
"3","Si Panam√° sigue as√≠... pronto estar√° como mi tierra... o se ponen las pilas o est√°n mal!!"
"4","Esto paso hoy en panam√°, Dios nos cuide de tanta delincuencia."
"5","JAJAJAJA PUTOS NIGGAS Y SUS PELUCAS XD"
"6","Kafada sa√ß bƒ±rakmayan kadƒ±n kavgasƒ±.."
"7",NA
"8",NA
"9","''Catch me if you can'' Dance cover.

Estevemotic"
"10","okey... tremendo viaje de regresion xd"
"11","This Ad Is So Sexy And Funny At The Same Time That You're Bound To Watch It Again And Again!

WATCH | ENJOY | SHARE"
"12",":v aqu√≠ nada se pierde"
"13","Buenas noches.
David Mattingly, 1983."
"14",NA
"15","Dance Like no one's watching.. because everyone is on their phones these days.. so no one really is watching. DJ Mosaken"
"16","Genial (y)"
"17","Watch out for Bob! He might be the newest Splash Brother. #Minions"
"18",NA
"19","Falleci√≥ el #ni√±o de origen nicarag√ºense que prefiri√≥ morir a matar en #Guatemala 
 
El ni√±o de padres nicarag√ºenses, que ‚Äúprefiri√≥‚Äù entregar su vida a la de unirse a una pandilla y asesinar a un conductor de bus es velado en su vivienda en el barrio San Antonio, en la zona 6.

El s√°bado falleci√≥ en el Hospital General San Juan de Dios, luego de pasar 15 d√≠as en el √°rea de cuidados intermedios.

Hoy por la tarde partir√°n a Managua, Nicaragua para enterrarlo ma√±ana.

√Ångel Ariel Escalante P√©rez, de 12 a√±os cursaba sexto primaria en la escuela Calos Benjam√≠n Pa√≠z Ayala, a pocos metros del puente Belice, donde fue lanzado.

FyT: Pulimetro GT"
"20",NA
"21",NA
"22",NA
"23",NA
"24","Quel con, il l'a pos√© o√π il ne fallait pas mdrrrr"
"25",NA
"26","Como NO subir una moto al carro..."
"27","3Ro......."
"28",NA
"29",":v Deben ser comunistas."
"30","Se rien de mi por ser diferente...Yo me rio de ell@s por ser tod@s iguales.
Kurt Cobain"
"31",NA
"32","Mira la estrategia de la Polic√≠a Antidisturbios de Alemania... ¬°Demasiada coordinaci√≥n!"
"33","HAHAHAHHAHAHA"
"34","O cosas peores....

¬¨¬¨ #patinho"
"35","Verga pobrecita..."
"36","Maldita sea MARUJA!!! Escoja un numero YA!!!! 
#Quepapelon

M√∫sica: https://youtu.be/7xQ6DZIkbkE
WWW.RADIOECUAMERICA.NET
√önete, subimos contenido nuevo todos los d√≠as: Radio Ecuamerica."
"37",NA
"38","¬°Ni el payaso ESO era tan cruel!
¬øUstedes que opinan? 
¬°Que payaso tan payaso! 
¬°Checa el V√çDEO!"
"39","Jajajajjaa no puede ser este chipitin!!!!"
"40","no work today!!"
"41","Grande"
"42","Para: Leo Messi

Si marca un gol, por qu√© no ha marcado dos. Si marca un golazo, el rival no opuso resistencia. Si da una asistencia, tiene que aparecer m√°s. Si se gambetea a un par de defensas, √©stos no son de primer nivel. Si marca de tiro libre, la barrera se regal√≥. Si marca en una final, el rival ya estaba desfondado. Si gana el Bal√≥n de Oro, lo merec√≠a otro. Si gana en velocidad, el defensor arranc√≥ despu√©s. Si no defiende, no juega por el equipo. Si da un mal partido, es un pecho fr√≠o. Si marca con el FC Barcelona y no con Argentina, no siente los colores. Si lo gana todo a nivel clubes, no importa a√∫n no gana nada con selecci√≥n absoluta. Si gana algo con selecci√≥n (juegos ol√≠mpicos), le falta un Mundial. Si marca un hat-trick, la defensa no tra√≠a nada. Si marca una 'manita', pudo haber marcado 7 contra ese arquero. Si fue vital para su selecci√≥n en los √∫ltimos a√±os, sigue sin jugar del todo bien con la albiceleste y a√∫n no se gana a la hinchada argentina. Si no saluda a un ni√±o porque no lo vio, es un p√©simo ser humano. Si FC Barcelona es eliminado de alguna competencia, √©l es el culpable. Si a Argentina algo no le sale, √©l es el culpable. Esa es la vida de Lionel Andr√©s Messi Cuccittini. El pan de cada d√≠a. A fin de cuentas, las personas que poco admiran el buen f√∫tbol encontrar√°n un 'argumento' para tratar de demeritarte o cuestionarte. Tratamos de guardar y atesorar cada uno de tus actuaciones, porque sabemos que en 15 a√±os veremos v√≠deos de tus goles e im√°genes de tus celebraciones con much√≠sima melancol√≠a. Afortunadamente, cuando eso pase, podremos decir: #NosotrosVivimosEnLa√âpocaDeMessi"
"43",NA
"44","Amei esse video *-* que linda <3"
"45",NA
"46","Me recordo a ti prima! Silvia Pats"
"47",NA
"48",NA
"49","AWELOOO"
"50",NA
"51","HA!"
"52",NA
"53","Chiste"
"54","Esto es de antolog√≠a"
"55",NA
"56","Colaboraci√≥n No. 300. Escuchada por Sol Reyes.

(La 300, ¬°hurraaaaaaa!)"
"57",NA
"58","SHE'S ABSOLUTELY PERFECT!!! #DontJudgeChallenge
Ì†ΩÌ∏çÌ†ΩÌ∏çÌ†ΩÌ∏çÌ†ΩÌ∏çÌ†ΩÌ∏çÌ†ΩÌ∏çÌ†ΩÌ∏çÌ†ΩÌ∏çÌ†ΩÌ∏çÌ†ΩÌ∏çÌ†ΩÌ∏çÌ†ΩÌ∏çÌ†ΩÌ∏çÌ†ΩÌ∏çÌ†ΩÌ∏çÌ†ΩÌ∏ç

LIKE ‚û°Ô∏è SoFloAntonio"
"59",NA
"60","Oh, and he also saved the auto industry, stabilized the housing market, and oversaw the expansion of marriage equality to the entire nation.

Image by Occupy Democrats, LIKE our page for more!"
"61",NA
"62","Compartir por favor

La mas simple observaci√≥n cuando est√© en la playa. Solo 2 minutos pueden salvar su vida.

Si ve un espacio atravesado en las olas (como en la foto 1) no entre al mar. Eso se llama corriente de Resaca; es muy fuerte y le jalar√° hacia adentro del oc√©ano.

Compartir por favor, para prevenir a sus familiares y amigos. Tan solo un momento para mantenerlos informados. Nunca se sabe en esta √©poca de El Ni√±o.

#Seguridad #AmoLaPlaya #Verano #Playa"
"63","JAJAJAJAJAJA qe marica."
"64","jajaj"
"65",NA
"66","Indignacion a mil."
"67",NA
"68","Este Grupo De Amigos Ha Sido Catalogado Como El M√°s Tierno e Inusual De Internet

1 Perro (Bob), 8 p√°jaros y un hamster (Cody) conforman este ameno grupo de amigos en S√£o Paulo, Brasil, quienes viven en completa armon√≠a bajo el mismo techo, ense√±√°ndonos as√≠ que cuando hay respeto y cari√±o entre uno y el otro, todo es posible."
"69","Que fuerte, eso de estar en medio de la nada... 

"
"70",NA
"71","TOOOOO HOTTTTT #DontJudgeChallenge
Ì†ΩÌ∏çÌ†ΩÌ∏çÌ†ΩÌ∏çÌ†ΩÌ∏çÌ†ΩÌ∏çÌ†ΩÌ∏çÌ†ΩÌ∏çÌ†ΩÌ∏çÌ†ΩÌ∏çÌ†ΩÌ∏çÌ†ΩÌ∏çÌ†ΩÌ∏çÌ†ΩÌ∏ç"
"72",NA
"73","Tobog√°n expectativa vs realidad...xD ¬°COMPARTE R√ÅPIDO Y SUBO OTRO!"
"74",NA
"75","Bom dia galera!!!
Ai vai uma demonstra√ß√£o que s√≥ a amizade verdadeira nos permite fazer certas ""coisas"" !!! Hahaha

#EquipeCrisPereiraPontoShow"
"76","https://www.youtube.com/watch?v=aQZDyyIyQMA
Talk is cheap."
"77","Jajajajajaja beyonce"
"78",NA
"79",NA
"80","LA MEJOR NARRACI√ìN DEL PERRO BERM√öDEZ

MIRA TAMBI√âN ESTE VIDEO: https://youtu.be/lAqSr3FJyUc

NO OLVIDES DARLE LIKE A LA P√ÅGINA PARA M√ÅS VIDEOS."
"81",NA
"82","Jajajajjjaa me duele la cabeza jajajja"
"83","Piedra, papel o tijera, 1,2,3 YA"
"84",NA
"85","A√±os esperando..."
"86","el tiempo"
"87",NA
"88","Que co√±o es eso? fake ?"
"89","Dayanalind Delfin Davila el es el mejor xD"
"90","Who's seen White Chicks!!! Haha Terry Crews is the man! #LipSyncBattle"
"91",NA
"92","Wuoouu..."
"93","SITUACI√ìN:

Un ladr√≥n entr√≥ al banco gritando a todos:

""Que nadie se mueva, el dinero no es de ustedes, su vida en cambio les pertenece"".

Todos en el banco, en silencio y lentamente se tiraron al piso.

A esto se llama:
""CONCEPTOS PARA CAMBIAR MENTALIDADES""
Cambia la manera convencional de pensar en el mundo"".

En eso, una mujer se acost√≥ provocativamente en uno de los escritorios, pero el ladr√≥n le grit√≥:
""Por favor, comp√≥rtese, ¬°se trata de un robo, no de una violaci√≥n""

Esto se llama:
""SER PROFESIONAL""
¬°Enf√≥cate en lo que est√°s especializado en hacer""

Mientras los ladrones escapaban, el ladr√≥n m√°s joven (con una especialidad MBA) le dijo al ladr√≥n viejo (que apenas termin√≥ la primaria): ""Oye viejo, contemos cu√°nto nos llevamos"".
El ladr√≥n viejo, evidentemente enojado, le replic√≥: ""No seas est√∫pido, es mucho dinero para contarlo, esperemos a que en las noticias nos digan cu√°nto perdi√≥ el banco""

A esto se llama:
""EXPERIENCIA""
La experiencia es m√°s importante que un papel de una instituci√≥n acad√©mica.

Una vez que se fueron los ladrones el gerente del banco le dijo al supervisor que llamara de inmediato a la polic√≠a.
El supervisor le dijo: ""Alto, alto, antes consideremos los 5 millones que nos faltan del desfalco del mes pasado y lo reportamos como si los ladrones tambi√©n se los hubieran llevado""
El Gerente dijo:
""Correcto""

A esto se llama:
""GERENCIA ESTRAT√âGICA""
""Sacar ventaja de una situaci√≥n desfavorable.""

Al d√≠a siguiente en las noticias de la televisi√≥n se report√≥ que se hab√≠an robado 100 millones del banco, los ladrones solo pudieron contar 20 millones.

Los ladrones, muy enojados reflexionaron:
""Arriesgamos nuestras vidas por miserables 20 millones mientras el gerente del banco se rob√≥ 80 millones en un parpadeo""
Por lo visto conviene m√°s estudiar y conocer el sistema que ser un vulgar ladr√≥n.

Esto es:
""EL CONOCIMIENTO ES TAN VALIOSO COMO EL ORO""
*El gerente del banco, feliz y sonriente, se sinti√≥ satisfecho ya que sus p√©rdidas en el mercado cambiario fueron cubiertas por el robo.
A esto se llama:
""APROVECHAR LAS OPORTUNIDADES

MORALEJA

DALE UN ARMA A UN HOMBRE Y PODR√Å ROBAR UN BANCO.
DALE UN BANCO A UN HOMBRE Y PODR√Å ROBARLE A TODO EL MUNDO."
"94",NA
"95","Cada vez que veo el futbol me gusta mas el rugby :)"
"96","This will fire up the code war .."
"97",NA
"98","Hace mucho que no me re√≠a tanto jaja! agarraron con las manos en la masa a este perrito jajajajaja."
"99",NA
"100","10 curiosidades de los #Minions que tal vez no sab√≠as!
Comparte!"
"101",NA
"102","Dale ""Me Gusta"" Aqu√≠ => Rep√∫blica Independiente del Zulia"
"103",NA
"104","Mientras tanto en el amor :') Amar es:

EL CHICO DETERGENTE"
"105",NA
"106","Una empanada de concha jajaja"
"107","JAJAJAJA  LA EMPANADA ...A CUANTAS CHICAS LES PASA ESTO Y NO SE DAN CUENTA"
"108",NA
"109","Nuestros clientes lo son todo, pero est√° comprobado cient√≠ficamente que viven en un tiempo distinto al nuestro. 

MA√ëANA ESTRENAMOS NUEVO CAP√çTULO!! #Cliente #MakingOf"
"110","---------VENDO O CAMBIO POR MOTO TODO LO VE EN LAS FOTOS-----
--------------------------------SOY DE CCS-----------------------------
--------------------------INFO 04166090274---------------------------------"
"111","Mierda, que recuerdos
"
"112",NA
"113","Asaltan residencias en Plaza Venezuela

Los antisociales robaron los apartamentos del piso 8 de la Torre A, llev√°ndose dos armas de fuego, dinero en efectivo y joyas. Un vecino result√≥ maniatado.
M√°s informaci√≥n: goo.gl/X9Xsl7"
"114","Se la comieron , los ame!"
"115","ACDC's Thunderstruck !!! Was haltet ihr davon ???"
"116",NA
"117","( Õ° Õ°¬∞ Õú  ñ Õ° Õ°¬∞)"
"118",NA
"119","Sa ne amintim de greci."
"120","hahahahha... newton sabe"
"121",NA
"122","Los teques no tiene nada que envidiarle a este video..."
"123","¬øPero Que Clase De Brujer√≠a Es Esta? :O D: Comparte R√°pido Y Subo Otro ;) 

Te Gusto El Video? Si Te Gusto Unete A El Show De Carlos R. El Sube Videos A Cada Momento :3"
"124",NA
"125","Lionel Messi is incredible!
Football Daily"
"126",NA
"127","Bu kesinlikle b√ºy√ºleyici 

This is absolutely mesmerizing"
"128","siarm√≥"
"129",NA
"130",NA
"131","JAJAJA  hay q hacerlo...."
"132","JAJAJAJAJAJAJJA  NO RONQUES ESTO TE ESPERA"
"133",NA
"134","¬øQu√© opinan? #CircoMEGA"
"135","Cuando vi estoy me acorde de ti jajaja Isaac Mijares SAPE GATOOO, Yo me desmayo"
"136","INFECCION POR USAR ESTEREOIDES!!! Ahora cuando vea a un wey mamado, asi vere su futuro! XD 

#SiguemeParaMasVideos"
"137",NA
"138","THESE GIRLS ARE BEAUTIFUL #DontJudgeChallenge

Ì†ΩÌ∏çÌ†ΩÌ∏çÌ†ΩÌ∏çÌ†ΩÌ∏çÌ†ΩÌ∏çÌ†ΩÌ∏çÌ†ΩÌ∏çÌ†ΩÌ∏çÌ†ΩÌ∏çÌ†ΩÌ∏çÌ†ΩÌ∏çÌ†ΩÌ∏ç

LIKE ‚û°Ô∏è SoFloAntonio"
"139","jajajajajajajaja me hizo el d√≠a !!!"
"140","Jajajaja me hizo el dia las mujeres son asi !!!!"
"141",NA
"142",NA
"143","IMAGENES MUY FUERTES. 

Muchas personas son masacradas y quemadas vivas en Nigeria por creer en Jesucristo y nadie comparte esto, pero se van a recorrer las calles de San Jos√© en una marcha gay y ponen esa foto con el arco iris de colores apoyando el el matrimonio homosexual porque? Me van a disculpar pero que mont√≥n de ignorantes hay en nuestro pa√≠s!!! 
NO estoy en contra del matrimonio homosexual porque tengo amigos (as) que lo son y los quiero y respeto much√≠simo pero tampoco lo comparto!!!"
"144",NA
"145","""Tienes que dejar ya de esperar a que ocurra un milagro, porque nadie, NADIE va venir a tocar a tu puerta""

TWITTER: https://twitter.com/LytosOfficial
FACEBOOK: https://www.facebook.com/LytosOfficial
YOUTUBE: https://www.youtube.com/c/WorldofLytos
GOOGLE +: https://plus.google.com/+WorldofLytos
INSTAGRAM: https://www.instagram.com/LytosOfficial"
"146",NA
"147","Its all about that cake and chicken!"
"148",NA
"149",NA
"150","Ramos y sus cositas! Jajajajajj"
"151","""Qual √© teu nome mesmo, fera? N√£o te conhe√ßo!"""
"152",NA
"153","Estos si que son unos grandes PAYASOS jajajaja"
"154",NA
"155","Una de las im√°genes m√°s acertadas que he encontrado por la red √∫ltimamente... ¬øQu√© opin√°is vosotros?"
"156",NA
"157","As√≠ se desactiva a un gato"
"158",NA
"159","ŸÜŸÖÿ± ŸäŸÑÿ™ŸáŸÖ ÿ∑ŸÅŸÑÿß ŸáŸÜÿØŸäÿß .. ŸàÿßŸÑÿ≠ÿ∂Ÿàÿ± ŸäÿµŸàÿ±ŸàŸÜ ÿßŸÑŸÖÿ¥ŸáÿØ"
"160",NA
"161","this guy kills it , Techno Live!!!"
"162","No le tocaba al compita Angel Fonseca, Jose Pablo, Eleazar Casta√±eda Juan Cuellar"
"163","VIDEO: Dif√≠cil creer que haya salido vivo...impresionante caso de supervivencia de un motocilista...(Advertencia a personas sensibles)"
"164","La Gran Sabana."
"165",NA
"166","Setenil de las Bodegas, un pueblo muy original en la provincia de C√°diz, Andaluc√≠a, Espa√±a."
"167",NA
"168",NA
"169","Pero mi mami dice que soy Zenzual ._:"
"170",NA
"171","¬øQui√©n no hace algo as√≠ con sus amigos? Igualito.

MIRA TAMBI√âN ESTE VIDEO: https://www.youtube.com/watch?v=nZvNr3So3Jw

NO OLVIDES DARLE LIKE A LA P√ÅGINA PARA M√ÅS VIDEOS."
"172","Es evidente la pol√©mica que genera este video, siendo estrenado en una fecha donde no hay mucho de qu√© hablar.

Drogas, contenido racial, hermosos movimientos de c√°mara,referencias cinematogr√°ficas. 

Rihanna junto al colectivo franc√©s Megaforce (responsables de videos para Is Tropical, Yeah Yeah Yeahs, Tame Impala) han creado un clip bastante art√≠stico. Sin dejar de mencionar la aparici√≥n de uno de mis actores favoritos, Mads Mikkelsen.

Personalmente, me encanta. RiRi y su grupo de secuestradoras dan una historia con una narrativa algo precaria, pero muy entretenida visualmente.

‚îºBBHMM"
"173","Alg√∫n d√≠a lo har√©..."
"174","◊ñ◊ê◊™ ◊ê◊î◊ë◊î ◊ê◊û◊ô◊™◊ô◊™!"
"175",NA
"176","Danz√≥n: Nereidas. Presentaci√≥n Museo del teclado Caracas-Venezuela 2014, M√∫sicos: Javier Vivas Trompeta, David Gonz√°lez Bajo, Gustavo Mar√≠n Tumbadoras Percusi√≥n, Emerson Guzm√°n Piano, Juan Pablo Barrios, Timbal."
"177",NA
"178",NA
"179","¬°SALUDOS DESDE LOMAS AJEO! :v  JAJAJAJAJAJAJA

 MIRA TAMBI√âN ESTE VIDEO: https://www.youtube.com/watch?v=nZvNr3So3Jw

NO OLVIDES DARLE LIKE A LA P√ÅGINA PARA M√ÅS VIDEOS"
"180",NA
"181","No such this as burger OVERLOAD: https://instagram.com/p/4p-3MeSYdf/"
"182",NA
"183","WELCOME on the BIGGEST  WAVES of the WORLD‚ùó‚úä‚úå
Garrett McNamara rides 90 Foot Wave!!!!!!!!!!!!!
Ì†ºÌæ• thanks for the video: https://www.facebook.com/shtompelphotography 
#surf #biggest #extreme"
"184","JAJAJA!"
"185","JAJAJAJ Hijos...

¬°√önete Y Comparte! Tur daun for tukki latin <--"
"186","Mrkoo o.o"
"187","No juzgues a un libro por su portada .
El chico del video es -> Anthony Cordova Mas videos en su biografia ;)"
"188",NA
"189","∆Ø·ªõc g√¨ c√°i tr√≤ n√†y c√≥ ·ªü VN :(("
"190","Work hard!!!...strenght training!!!... #forza #allenamento #fatica"
"191","Q mal inglesss :O"
"192","Todos tenemos una amiga mala para el ingl√©s.
(y) Hazte fan de Cabronazi (y)"
"193",NA
"194","Muy muy bueno!"
"195","jajaja que rataaass"
"196","Rat"
"197","JAJAJAJAJAJJAA."
"198","Fall back!"
"199","Exactamente asi se le baila al despecho"
"200","¬øYa est√°n listos para este fin de semana?..."
"201",NA
"202","crazy wallride"
"203",NA
"204","Mil veces veo esto y mil veces, me exploto de la risa"
"205","Casi madre ve Mar Palcala"
"206","Cuando terminas disfrutando la canci√≥n que odiabas."
"207","Cosas que suelen pasar...."
"208","E aqu√≠ un bonito mensaje... de nada vale tener un buen f√≠sico sino tienes un buen coraz√≥n...

Rap Romantico: https://youtu.be/J8Zcbo1-p1o
WWW.RADIOECUAMERICA.NET
‚ñ∫√önete, subimos contenido nuevo todos los d√≠as: Radio Ecuamerica."
"209",NA
"210","Siempre hay que estar preparado, Hahahah :3

Te Gusto El Video ? Si tienes Instagram Te Invito a Seguirme:3 Para Mas Videos
https://instagram.com/chanypshow/"
"211",NA
"212","Just another day in Miami :P"
"213",NA
"214","Asi o mas humillado XD!!

Unete y sigue a--> Un momento de humor, recuerdos e inspiracion"
"215",NA
"216","Oh my god what an absolute dude!!!!"
"217","Walter Hern√°ndez jajajajajajajaja"
"218","Se cae, se cae, haha no manches! 
Etiqueta a tu amigo el mas borracho haha"
"219",NA
"220","The Smoke Detector Dance

by ThunThunSkittles
https://vine.co/ThunThunSkittles"
"221",NA
"222","Watch the beautiful moment Johnny Depp aka Captain Jack Sparrow took some time out of his busy schedule to visit sick children at a Brisbane hospital!

(Video credit: Juiced)

#Today9"
"223",NA
"224","Que tipo de crema es esta?

Sigueme en Roberto MG"
"225",NA
"226","Yo cuando ponen changa ahahahaahahahaha"
"227","Es Domingo y el primo cara e espermatozide lo sabe"
"228","‚ñ∫‚ñ∫Potencia Pectoral
Repeticiones x ejercicio: 10
Descanso entre series: 40seg
Series: 4
¬øAceptas el reto?
Etiqueta a tu familia fitness! ;)

_________________________
Sesiones de entrenamiento exclusivas con Yassir Kh disponibles en Miami!
(Desde $50/sesi√≥n)"
"229",NA
"230","32+32=84 Y TE CALLAS XD

UNETE>> ROYG TV"
"231",NA
"232","Oh... ¬°Qu√© lindo! *-*
- Efr√©n Tavera -"
"233","Grandes diferencias...."
"234","http://www.ilusionmu.com/ mu abre en 30 min desde 0 :x"
"235","Salvando vidas. Buen d√≠a."
"236","·ûë·ûü·üí·ûü·ûì·û∂·ûö·ûº·ûî·ûó·û∂·ûñ·ûú·û∏·ûä·üÅ·û¢·ûº·ûì·üÉ·ûó·û∂·ûñ·ûú·üê·ûô·ûÜ·üí·ûõ·û∂·ûè·ûö·ûî·ûü·üã·ûü·ûè·üí·ûú·ûü·üí·ûú·û∂·ûò·ûΩ·ûô·ûä·üÇ·ûõ·ûÖ·üÅ·üá·ûá·ûΩ·ûô ·ûü·ûÑ·üí·ûö·üí·ûÇ·üÑ·üá·ûá·û∏·ûú·û∑·ûè·ûü·ûè·üí·ûú·ûü·üí·ûú·û∂·ûä·ûº·ûÖ·ûÇ·üí·ûì·û∂·ûò·ûΩ·ûô·ûë·üÄ·ûè·ûä·üÇ·ûõ·ûî·û∂·ûì·ûä·ûæ·ûö·ûÄ·û∂·ûè·üã·ûè·û∂·ûò·ûî·ûÑ·üí·ûÇ·üÑ·ûõ·ûÅ·üí·ûü·üÇ·ûó·üí·ûõ·ûæ·ûÑ·û¢·ûÇ·üí·ûÇ·û∑·ûü·ûì·û∏ ·û†·ûæ·ûô·ûè·üí·ûö·ûº·ûú·ûî·û∂·ûì·ûÜ·ûÄ·üã·ûÅ·üí·ûü·üÇ·ûó·üí·ûõ·ûæ·ûÑ·ûí·üí·ûõ·û∂·ûÄ·üã·ûÖ·ûª·üá·ûò·ûÄ·ûõ·ûæ·ûï·üí·ûõ·ûº·ûú·ûä·üÇ·ûÄ·üî ·û†·üÅ·ûè·ûª·ûÄ·û∂·ûö·ûé·üç·ûä·üè·ûÖ·ûò·üí·ûõ·üÇ·ûÄ·ûì·üÅ·üá·ûî·û∂·ûì·ûÄ·ûæ·ûè·û°·ûæ·ûÑ·ûì·üÖ·ûØ·ûü·üí·ûê·û∂·ûì·û∑·ûô·üç·ûö·ûê·ûó·üí·ûõ·ûæ·ûÑ·ûò·ûΩ·ûô·ûÄ·ûì·üí·ûõ·üÇ·ûÑ·ûÄ·üí·ûì·ûª·ûÑ·ûë·û∏·ûÄ·üí·ûö·ûª·ûÑ·ûÄ·û∂·üÜ·ûñ·ûº ·ûó·û∂·ûÇ·ûÅ·û∂·ûÑ·ûá·ûæ·ûÑ·ûì·üÉ·ûî·üí·ûö·ûë·üÅ·ûü·û•·ûé·üí·ûå·û∂ ·ûä·üÇ·ûõ·ûî·û∂·ûì·ûí·üí·ûú·ûæ·û≤·ûò·û∂·ûì·ûÄ·û∂·ûö·ûó·üí·ûâ·û∂·ûÄ·üã·ûï·üí·û¢·ûæ·ûõ·ûä·ûõ·üã·ûÄ·üí·ûö·ûª·ûò·û¢·üí·ûì·ûÄ·ûí·üí·ûú·ûæ·ûä·üÜ·ûé·ûæ·ûö·ûì·û∂·üÜ·ûÇ·üí·ûì·û∂·ûò·ûÄ·ûà·ûö·ûò·ûæ·ûõ·üî

Monkey saves the life of his electrocuted friend by resuscitating him
A monkey saves the life of another monkey who fell unconscious after being shocked by electrical wiring on a rail track in India's northern city of Kanpur."
"237","You gotta love this one! http://btprt.dj/1KpZov5"
"238","Aww a√∫n existen personas honesta en este mundo :)"
"239",NA
"240",":v Un beta"
"241",NA
"242","www.labioguia.com"
"243",NA
"244","Uno nunca sabe hasta qu√© punto puede afectar un comentario s√≥lo para hacerte el ""gracioso"" o burlarte de los dem√°s. Si eres de esas personas este video es para ti.

 MIRA TAMBI√âN ESTE VIDEO: https://www.youtube.com/watch?v=nZvNr3So3Jw

NO OLVIDES DARLE LIKE A LA P√ÅGINA PARA M√ÅS VIDEOS"
"245",NA
"246","Agarrando Manos en America JAJja este tipo esta loco
Merette Show"
"247",NA
"248",NA
"249",NA
"250","""La casa que vence a las sombras"""
"251",NA
"252","Dragon Ball Super: Estreno capitulo 1 Completo. Yo encantada por la nueva serie ¬°Por Fin!"
"253",NA
"254","Bluuuublubluuublubbluullbbbuuuub!!!!!!! 
WOCHENENDMODUS!!!!!!!"
"255",NA
"256","Ya me veo con mis amig@s en la noche

MIRA ESTE OTRO VIDEO >>> https://youtu.be/UsWq29Dsbkg"
"257",NA
"258","Uptown Funk Voldemort‚ô´ 

Por: bit.ly/KFaceTV"
"259",NA
"260","Justicia de Estados Unidos confirma que Diosdado Cabello es investigado por narcotr√°fico. Aqu√≠ los detalles!"
"261",NA
"262","Me pasa jajajaja"
"263","JAJAJAJAJAJAJAJAJAJAJAJAJAJAJAJAJAJAJAJAJAJAJAJAJAJAJA"
"264","#dontjudgechallenge"
"265",NA
"266","ay nid yur jelp Chiave :$

- Mierditox -"
"267","Q mierda tan fea jajajajajjaajja"
"268","Jajajajajajajajajajajaja se paso de lanza este vato.

Like: -->  Roberto MG"
"269","Jajajaj siempre los negros!"
"270","How to get through a crowd at a festival"
"271",NA
"272","Tres minutos que te har√°n ver la vida de otra manera"
"273",NA
"274","Esa misma noche le pidieron el divorcio."
"275",NA
"276",". . ."
"277",NA
"278","El Negro primero da risa, luego da l√°stima...

Esto es lo que se puede hacer en Venezuela con un billete de 5 Bs.f"
"279",NA
"280","Do the invisible hurdles!"
"281",NA
"282","Voor de mannen onder ons: probeer dit maar eens na te doen! [via instagram.com//futbolsport]"
"283","Demasiadoooo belloo *.*"
"284","EL PENAL M√ÅS TIERNO DE LA HISTORIA

MIRA TAMBI√âN ESTE VIDEO: https://www.youtube.com/watch?v=6jQspUNpiLg

NO OLVIDES DARLE LIKE A LA P√ÅGINA PARA M√ÅS VIDEOS"
"285",NA
"286","#VideoUniversal

Pentatonix ha hecho algo muy hermoso para Michael Jackson a 6 a√±os de su fallecimiento. ¬øReconoces todas las canciones que interpretan?"
"287","Daaaamn boooy!!!"
"288","PTDRRRRR CELUI LA C'EST LE MEILLEUR"
"289","eL SISTEMA te quiere drogado para que tu mente este turbia y no veas la deplorable realidad social!"
"290","..."
"291",NA
"292","Ver este video puede ser uno de los mas poderosos 2 minutos de tu vida. ""Free Me"" por Nick's Diner de The Swellers.

COMPARTE en honor de todos los seres vivos que sufren innecesariamente a manos de seres humanos <3."
"293","Mardita sea esos dientes, adivina a qui√©n se parece Mailen Osorio JAJAKAKAHA"
"294","El Amor El Amor.... 
Merette Show"
"295",NA
"296","Como pode?! Ì†ΩÌ∏±

Via: Kingwanas"
"297",NA
"298","Un video que es muy importante que veas, si eres mujer, y si eres hombre muy importante que vea la mujer que amas"
"299","Carlos Martinez Vanessa Herrera"
"300","Like si tienes un amigo con una risa extra√±a..!!

Video‚Üí https://youtu.be/fqdjaLe-7o8
-"
"301",NA
"302","HIJOS DE SU PUT√çSIMA MADRE: ahora entiendo."
"303","La tecnolog√≠a interactua entre tus dedos y desconecta el contacto con la piel....!!!"
"304","EL GRAN SEPARADOR DE FAMILIAS
http://orbita929.com/"
"305",NA
"306","It's Just A Little Snoring.    By (Like His page )  Theking_Ali  ...."
"307","Me pasa a diario."
"308","HEHEHE :D"
"309",NA
"310","jajajajaja se pasaron :P"
"311",NA
"312","Renuncia a su trabajo para choc√°rselas al mundo.

MIRA TAMBI√âN ESTE VIDEO: https://www.youtube.com/watch?v=nZvNr3So3Jw

NO OLVIDES DARLE LIKE A LA P√ÅGINA PARA M√ÅS VIDEOS"
"313","CON MIS AHIJADOS QUE DIOS ME LOS BENDIGA GRACIAS POR LA INVITACI√ìN."
"314",""
"315","Veanlo toooodos si no lo ven les vaaa queda la intriga"
"316",NA
"317","–†–∞–∑–Ω–∏—Ü–∞ :D
<3 www.samoeinteresnoe.net –ü—Ä–∏—Å–æ–µ–¥–∏–Ω—è–π—Å—è –∫ –Ω–∞–º!"
"318",NA
"319","$D"
"320",NA
"321","¬øEso es complicado?"
"322",NA
"323","Entiendes que idioma habla ella?"
"324","YO"
"325",NA
"326",NA
"327","Aaahh cabron aqu√≠ si hubo magia de mexicanos pasaron a europeos. Jajaja

Like: Roberto MG"
"328",NA
"329","PERO ANTES QUIERO TODO ESTO ..."
"330",NA
"331","Roar c·ªßa Katy Perry phi√™n b·∫£n Acapella c·ª±c hay <3"
"332",NA
"333","At first it looked like a wax statue .. But then it came to LIFE !!!!"
"334",NA
"335","#MartesDeMaduro Edici√≥n Especial EL IMPERIO Parte II Ft. DavidComedia Humorista"
"336",NA
"337","Como es posible que no me quiera? Palabras muy tristes sin ninguna explicaci√≥n!!

√önete y sigue a--> Un momento de humor, recuerdos e inspiracion"
"338",NA
"339","#Video @luisvicenteleon ""el gobierno de Maduro falla en las dos √∫nicas cosas en las que nunca fallan los economistas #venezuela #vzla #noticias #27m #nivelpatria #fracasototal"
"340",NA
"341","El video que tiene casi 130mil vistas en youtube... Tu que pasas por la autopista via a Caracas y siempre ves estas carpas... Pensaste que estaban asi? Pasalo a todos...!"
"342",NA
"343","Ya puedo morir en paz
XD"
"344",NA
"345","Qu√© incre√≠ble lecci√≥n de vida. Wow...

 MIRA TAMBI√âN ESTE VIDEO: https://www.youtube.com/watch?v=nZvNr3So3Jw

NO OLVIDES DARLE LIKE A LA P√ÅGINA PARA M√ÅS VIDEOS"
"346",NA
"347","Muy cierto!!"
"348",NA
"349","Algo arriesgado pero imag√≠nate la Adrenalina :D 
#Toyota_Machito
#Trompito
#COMPARTE"
"350","Rafael Dolande Pero que co√±ios!"
"351","We all have that one friend..."
"352",NA
"353","MIREN A ESTE PERRITO, NO SABE QUE TIENE HIPO Y ASI ES COMO REACCIONA ‚ò∫Ô∏èÌ†ΩÌ∏ç"
"354",NA
"355","THIS IS CALLED HUMAN THE REAL HUMAN BEING, WHO SAVED A LEOPARD'S LIFE WITHOUT ANY FEAR OF HIS OWN LIFE !
She may be an intimidating predator in her natural environment but this leopard looked more like a lost kitten after falling into an open well - prompting a rescue operation with a difference.
The fully grown female big cat was prowling for food near the Sonaigali village in Guwahati city, northeast India, when she tumbled into the well. Rescue mission: Veterinarian Bijoy Gogoi who takes the leopard from the well."
"356","QUE ARRECHO !"
"357","Gracias al talentoso Johnny Jim√©nez por su incre√≠ble interpretaci√≥n de #MeVoyEnamorando con el arpa; un maravilloso instrumento."
"358",NA
"359","Kittens Meet Puppies For The First Time."
"360",NA
"361",">>Quisieron abusar de una persona mayor y era ex boxeador<<

 Seg√∫n informa el diario ingl√©s Mirror, dos j√≥venes se acercaron al anciano a la salida de una tienda en Rusia y comenzaron a amenazarle e insultarle, pero la respuesta que recibieron no fue la que esperaban.+

La escena fue capturada por la c√°mara de seguridad del lugar."
"362",NA
"363","La sabidur√≠a de la multitud / Inteligencia Colectiva"
"364",NA
"365",NA
"366","Like, si crees que es el mejor amigo 

M√∫sica gratis ‚¨áÔ∏è
http://bit.ly/BeatOnAir"
"367","Y'all bitches need Jesus"
"368","When you're asked for a ""sexy"" photo on Snapchat. 

Credit: Wayne Andrew Reilly and Thomas Moore."
"369","Verdades que dan asco"
"370","Socialismo en Comics. La verdad que no quieren reconocer #2J #nivelpatria #vzla #Venezuela #Humor #wtf #csm #Findemundo #prefosores"
"371",NA
"372","ŸÖŸÜ ÿ®ÿßÿ® ÿßŸÑŸÅŸÉÿßŸáÿ© ŸàÿßŸÑÿßÿ®ÿ™ÿ≥ÿßŸÖŸá . ÿ≥ŸÑŸÅŸä ŸàÿßŸÑÿ¨ŸÖŸÑ ÿÆŸÑŸÅŸä"
"373","Jajajaja cuando tenga novio :(("
"374","As√≠ esta mejor..."
"375",NA
"376","Stop Doing this #JaanArya

.

Here's the link to our latest music video: https://youtu.be/z6u_Qtq3bUk"
"377","Este es el mejor invento de la vida misma xq a mi esa vaina me da demasiado asco"
"378","If you find a tick on yourself, or your pet....just watch this."
"379",NA
"380","Mortal Kombat X: Tr√°iler Oficial de Predator"
"381",NA
"382","Matthew ""The Stinger"" Webber is a trick shot PRODIGY! 

Message me YOUR trick shots! http://bit.ly/1HvVzUn"
"383","vota por mi amiga para ser miss planet model venezuela!! dale laike a su foto en "
"384",NA
"385",NA
"386","Venezuela siempre marca la diferencia papa!!! (Y) 

ULTIMO v√≠deo de YOUTUBE ‚Üí http://youtu.be/RDR9ZqfZof0

ANDO EN YOUTUBE --‚ñ∫ http://adf.ly/1JrttK
MIS CANCIONES --‚ñ∫ https://soundcloud.com/andresaerf 
--‚ñ∫ https://twitter.com/AndresAerF
--‚ñ∫ http://instagram.com/andresaerf"
"387",NA
"388","Situaci√≥n sentimental: Britney contesta por nosotras :P"
"389",NA
"390","Fireworks plus skateboards equals a real good time... #my4thofJuly #yeahdude"
"391",NA
"392","¬øC√ìMO LE HACEN LO SAPITOS? JAJAJAJAJ

MIRA TAMBI√âN ESTE VIDEO: https://www.youtube.com/watch?v=nZvNr3So3Jw

NO OLVIDES DARLE LIKE A LA P√ÅGINA PARA M√ÅS VIDEOS"
"393",NA
"394","Como actual cuando le agarren el culo a tu mujer"
"395",NA
"396","El momento m√°s feliz en la vida del perro: su familia regresa a casa."
"397","Se√±ores YA NO HAY CINE. Aprovechen mientras puedan. Van a depender de pel√≠culas quemadas y a ver cuando las adquieren. ¬øQu√© chevere no? Ya no podemos ni entretenernos un ratico en una sala de cine. Ojo si habr√°n pel√≠culas pero nacionales y no tengo informaci√≥n de donde mas. Cinex y Cines Unidos son due√±os del 75% de las salas de cine. ¬øC√≥mo les quedo el ojo?Cinex y Cines Unidos se retiran del circuito venezolano Gran Cine (via @Pocket)"
"398","no sabria explicar en la palabras no que me hizo sentir este video al verlo.. Excelente"
"399","¬øY t√∫ que har√≠as?"
"400",NA
"401","Seguimos teniendo patria."
"402","Cinex y Cines Unidos se retiran de circuito venezolano

Leer m√°s: http://ht.ly/Pgji9 
#Venezuela #Cultura #Cine"
"403",NA
"404","El truco de la crema milagrosa xtreme :o

Sigueme en -> Christian Rivera Para mas videos"
"405",NA
"406","Kuri√≥zny v√Ωjazd hasiƒçov na strednom Slovensku: Pom√°hali kaƒçacej rodinke... :-)

Firefighters in Slovakia: They helped duck Family... :-)

MORE INFO: http://bit.ly/1KOo80d"
"407","Yo los domingo"
"408","Going into work on a Monday...

(video: Getty)"
"409",NA
"410","Yo... S√≥lo quer√≠a ver el mundo arder :B 
(si vieron la pel√≠cula entender√°n)"
"411",NA
"412",NA
"413",NA
"414","After you see this, what are you going to do different?"
"415","La mejor del universo"
"416","This is young Sophia Grace [@princessSGB] with a snippet of Beyonce's 'Listen'"
"417",NA
"418","JAJAJAJAJAJAJAJAJAJAJAJA

MIRA TAMBI√âN ESTE VIDEO: https://www.youtube.com/watch?v=6jQspUNpiLg

NO OLVIDES DARLE LIKE A LA P√ÅGINA PARA M√ÅS VIDEOS"
"419",NA
"420","INCREDIBIL !!!

Acest barbat se joaca cu serpii de parca ar fi niste pisici !

SHARE (y)"
"421",NA
"422",NA
"423","Ok, Ok, ¬øQui√©n lo admite?........jejejejeje"
"424",NA
"425","¬°Haya paz!"
"426",NA
"427","Star Wars Episode VII - Darklord Trailer  HAHAHAHAHAHA"
"428",NA
"429","que acabo de ver? xD
Mira tambi√©n este video :
https://youtu.be/wQuAL8wQpek"
"430","Mauricio Bendahan"
"431","El problema que casi desata una guerra entre Espa√±a y EE.UU."
"432",NA
"433","Wenn das Feuerzeug nicht funktioniert !!! HAHAHAHAHa 

Lighter THUG !!!"
"434","que belleza de bebe y de ojos"
"435","◊®◊ì◊ô◊ï ◊†◊ï◊©◊û◊ô◊ù ◊û◊ñ◊®◊ó◊ô◊™ ◊û◊¶◊ô◊í ... 
◊© ◊ú ◊û ◊ï ◊™ ! 
◊ô◊© ◊ô◊ï◊™◊® ◊û◊ñ◊î  ? 
◊°◊®◊ò◊ï◊†◊ô◊ù ◊û◊¢◊†◊ô◊ô◊†◊ô◊ù"
"436",NA
"437","Dogs are the greatest."
"438",NA
"439","Invocadores Venezolanos!
No esta de m√°s recordarles que hasta el d√≠a de ma√±ana podr√°n inscribirse en el CNE. Recuerden que siempre para poder ejercer sus derechos deben cumplir sus deberes. 
Inscr√≠bete por Venezuela!!"
"440",NA
"441","Cada moda pendeja que sale hoy en d√≠a . . ."
"442",NA
"443","!!DIOS ME ENAMORE DE ESTA MUJER!!
Vanessa Senior en #Farmatodo,indignada por no Poder Comprar 4 Pastas de Dientes..

COMP√ÅRTELO.................."
"444","No se en que parte del mundo estas, pero voy a encontrarteeee"
"445","Doritos de 5 kg"
"446","Las perras jajajajajja"
"447","Las Perras con las que andas"
"448",NA
"449","Spiderman en crisis carajo!"
"450",NA
"451","Phug Life"
"452",NA
"453","BUZZ: Ce jeune homme n'a pas renonc√© √† jouer de son instrument favori bien qu'√©tant priv√© de ses deux bras. Respect!"
"454","NECESITO HACER ESTOOOOOOO!!!"
"455","Wow, estos tipos est√°n locos pero igual muy cool este video de unos BASE jumpers en Malaysia. Pura adrenalina!"
"456",NA
"457","Arte en las piedras de la artista Elspeth McLean."
"458","Buen d√≠a"
"459","-Ì†ΩÌ±Ω"
"460",NA
"461","Un catelus inteligent. :)"
"462",NA
"463","Whoa, bacon wrapped meatballs with an exploding cheese center! (via Pitmaster Pitmasterx)

Full recipe: http://bit.ly/1PFJ6ha"
"464","nooooooooo!!!! ajajajajajjaa Golfred Noel Almea"
"465","Kanye o"
"466","No tengo ni que pensarle un titulo"
"467","En esto se convirti√≥ el Glorioso ejercito de Venezuela, una banda de ladrones y corruptos marginales."
"468",NA
"469","El que lo entendi√≥..."
"470",NA
"471",NA
"472","THUG LIFE:  THIS IS SO WRONG! LOL Watch this too ---> https://www.youtube.com/watch?v=dr_cT_BIvaY"
"473","Brirelys Conde  Gianclaudio Lombardi Hiller"
"474","You've been hit by, you've been struck by..."
"475",NA
"476","Embellecedor de Ellos vs Embellecedor de Ellas #risas #humor #vzla #venezuela #8J #jajaja #wtf #csm #lol"
"477","Carl sagan ‚úä"
"478","La Cuarta Dimensi√≥n explicada por Carl Sagan"
"479",NA
"480","T√≠pico :v"
"481","verga D:"
"482","NO juzgues un libro por su portada :o


#COMPARTE

Like para mas videos ---> Mr.Kenn"
"483",NA
"484","LO QUE HACEN LAS MUJERES CUANDO ESTAN SOLAS"
"485","Este eres tu David Alvarado"
"486","This little boy said a heartbreaking goodbye to his fishy friend.

Credit: https://www.youtube.com/watch?v=F-mbfDB9bN4"
"487",NA
"488","The Best Way To Find A Perfect Avocado"
"489",NA
"490","Alguien puede explicarme...¬øComo despido a este hombre que ha estado 25 a√±os debajo de los 3 palos del club de mi vida? Dios m√≠o, me niego a creer que el hombre que he visto desde que tengo uso de raz√≥n bajo el arco del Madrid, ya no estar√°."
"491","Brutalll"
"492","AMAZING 3D PAINTING!
... world is miracle! with <3 Your Miss FTV :)"
"493","Aaaaaaww... :$"
"494","When you don't finish your plate By Aaron's Animals"
"495",NA
"496","ESPECTACULAR!!!"
"497",NA
"498","Conseguenze geopolitiche #Grexit, #Nato preoccupata #Obama

Se vuoi leggere la notizia clicca qui: http://goo.gl/QE8emx"
"499",NA
"500","""TU CUANDO INTENTAS EL TRUCO DE LA CREMA & NO TE QUIERE SALIR""

Tienes que ver este :o
COMPARTE & etiqueta a una amiga para que lo vea.‚ô•

Suscribete a--> Jacc Corona para ver m√°s v√≠deos as√≠."
"501",NA
"502","Una vez m√°s la Unidad Venezuela lo ratifica ante el temor del r√©gimen:  ¬°No hay otro candidato en San Crist√≥bal que Daniel Ceballos!"
"503",NA
"504","BUEN√çSIMA BROMA A LOS PERRITUUUUS

MIRA TAMBI√âN ESTE VIDEO: https://www.youtube.com/watch?v=nZvNr3So3Jw

NO OLVIDES DARLE LIKE A LA P√ÅGINA PARA M√ÅS VIDEOS"
"505",NA
"506","Ì†ΩÌ∏ÇÌ†ΩÌ∏Ö #Droga Jaja"
"507","Yo ya me mov√≠."
"508","#FraseDelDia ""Si no te gusta donde estas ¬°Mu√©vete! No eres un √°rbol"". Jim Rohn"
"509",NA
"510","Miniƒüin Karnƒ± √áok Acƒ±kmƒ±≈ü.."
"511",NA
"512","You other bookworms can't deny. http://etsy.me/1J4FD8d"
"513",NA
"514","Nada mas venezolano que esto"
"515",NA
"516","Bacon Mozzarella Sticks"
"517",NA
"518","Le meilleur #DontJudgeChallenge que je partage.
Un grand respect

Pour plus des videos aimez: Codes de Meufs"
"519",NA
"520","Edici√≥n limitada.

Kid Troy"
"521","Que bellaaaa jajajajajajaja <3"
"522","El Video Mas Tierno Que Veras Hoy *-*

Soy Chany , Si Te Gusto El Video Dale un Salvaje Like y Comp√°rtelo :D , No Olvides Unirte a la Pagina ,Para Ver Mas V√≠deos As√≠:) > Chany P Show"
"523",NA
"524","Les sobra una cosa, les falta otra. #SOSVenezuela"
"525",NA
"526","Ahajajaja aqui casual, fui a que me leyeran las cartas! compartelo #latricolor1035"
"527",NA
"528",NA
"529",NA
"530","¬øA√∫n no has visto la mejor parodia de la Copa Am√©rica? M√≠rala al completo aqu√≠ ‚ñ∂ http://ver.as/aqq5a"
"531",NA
"532","Nunca pense que una mujer es quien hace la voz de ese gordo culon :O 

Mas videos --> http://bit.ly/1JQBqry"
"533",NA
"534","Lol I had to post this in here haha"
"535",NA
"536","Magnum is excited to announce a workshop in Caracas, Venezuela with photographer #LarryTowell, in conjunction with Cultura TRESy3! Join us this September-->http://bit.ly/1LWMuGS"
"537",NA
"538","El pastor Jerem√≠as Steepek se disfraz√≥ de mendigo y fue a la iglesia de 10 mil miembros donde iba a ser presentado como pastor principal por la ma√±ana. Camin√≥ alrededor de la iglesia por 30 minutos en cuanto ella se llenaba de personas para el culto. Solamente 3 de cada 7 de las 10.000 personas dec√≠an ""hola"" para el mendigo. Para algunas personas, √âl les pidi√≥ monedas para comprar comida. Nadie en la Iglesia le dio algo. Entr√≥ en el templo e intent√≥ sentarse en la parte de adelante, pero los di√°conos le pidieron que se sentase en la parte de atr√°s del templo. √âl saludaba a las personas que le devolv√≠an miradas llenas de asco y de desprecio al mirarlo de la cabeza a los pies.

En cuanto estaba sentado en la parte de atr√°s del templo, escuch√≥ los anuncios del culto y luego en seguida un l√≠der subi√≥ al altar y anuncio que se sent√≠a emocionado en presentar al nuevo pastor de la congregaci√≥n: ""Nos gustar√≠a presentarles a ustedes al Pastor Jerem√≠as Steepek"". Las personas miraron alrededor aplaudiendo con alegr√≠a y ansiedad. Fue cuando el hombre sin hogar, el mendigo que se sentaba en los √∫ltimos bancos, se coloc√≥ en pie y comenz√≥ a caminar por el corredor. Los aplausos pararon. Y todos lo observaban. √âl se aproxim√≥ al altar y agarr√≥ el micr√≥fono. Se contuvo por un momento y dijo:

‚ÄúEntonces el Rey dir√° a los de su derecha: Venid, benditos de mi Padre, heredad el reino preparado para vosotros desde la fundaci√≥n del mundo. Porque tuve hambre, y me disteis de comer; tuve sed, y me disteis de beber; fui forastero, y me recogisteis; estuve desnudo, y me cubristeis; enfermo, y me visitasteis; en la c√°rcel, y vinisteis a m√≠. Entonces los justos le responder√°n diciendo: Se√±or, ¬øcu√°ndo te vimos hambriento, y te sustentamos, o sediento, y te dimos de beber? ¬øY cu√°ndo te vimos forastero, y te recogimos, o desnudo, y te cubrimos? ¬øO cu√°ndo te vimos enfermo, o en la c√°rcel, y vinimos a ti? Y respondiendo el Rey, les dir√°: De cierto os digo que en cuanto lo hicisteis a uno de estos mis hermanos m√°s peque√±os, a m√≠ lo hicisteis.""

Despu√©s de haber le√≠do el texto de Mateo 25:34-40, Mir√≥ a la congregaci√≥n y les cont√≥ todo lo que hab√≠a pasado aquella ma√±ana. Muchos comenzaron a llorar, muchas cabezas se inclinaron por la verg√ºenza. El pastor dijo entonces: ""Hoy veo una reuni√≥n de personas, y no a la Iglesia de Jesucristo. El mundo tiene suficientes personas, pero no hay suficientes disc√≠pulos. ¬øCu√°ndo ustedes se convertir√°n en disc√≠pulos?"", pregunto. Luego de una pausa, cerr√≥ el culto y se despidi√≥: "" ¬°hasta la semana que viene""! 

Ser cristiano es m√°s que algo que usted defiende. Es algo que se vive y comparte con otras personas."
"539",NA
"540","Pero ella no se echo polvo... jajaja

Video: https://youtu.be/CHs08p1uTMw

Unete => Juan Salazar"
"541",NA
"542","Abk√ºhlung gef√§llig? ;-)

Willst du noch mehr coole Videos sehen? Dann werde jetzt Fan von virtualnights.com  

Credit: Spi0n"
"543","Jejejejeje

y no es por nada pero de fisico tiene un cierto parecido a ti Genesis Gonzalez xD"
"544","¬øCU√ÅNTOS ACENTOS E IDIOMAS PUEDES IMITAR T√ö?
A ESTO LE LLAMO TALENTO.

MIRA TAMBI√âN ESTA NOTA: http://bit.ly/1zpjfrz"
"545",NA
"546","Yo quiero esta piscina en la casa! #pasalabien"
"547","Me pasa todos los d√≠as de mi vida."
"548","Quando uma m√∫sica traz milh√µes de lembran√ßas."
"549",NA
"550","No manches pues cuantos venian

Video https://youtu.be/6QPWXTh78Y4

UNETE Sinaloa Mp3"
"551",NA
"552","BELLOOOOOOO !!! ;)"
"553",NA
"554","El video del dia... Dale dalee Chulumpun 
Merette Show"
"555","jajajajaja que hermoso *____*"
"556","Suaaaaveee #OKVIRAL"
"557",NA
"558","Very Creative !
By : @dicadaka

LIKE : Amazing Braids and Makeup"
"559",NA
"560","This is 11 year old Merideth Puckett taking on Adele's 'Rolling In The Deep'. 

Read More: http://www.musiccrowns.org/international/merideth-puckett-rolling-deep/"
"561",NA
"562","""Soy un cartel VIH positivo""

Excelente campa√±a de concientizaci√≥n sobre el VIH llevada a cabo en San Pablo, una de las ciudades latinoamericanas con el mayor n√∫mero de personas viviendo con VIH."
"563",NA
"564","El video que ah sido compartido por mas de un millon de veces..... Ah de ser por la serenata!!! XD 

#SiguemeParaMasVideos"
"565",NA
"566","Cero excusas para reciclar :D"
"567",NA
"568","drogaaas!! jajaja que sintieron?"
"569",NA
"570","Que Diferencia provocas tu en los demas?"
"571",NA
"572","La √©pica batalla entre ni√±os y playa.

MIRA TAMBI√âN ESTE VIDEO: https://www.youtube.com/watch?v=nZvNr3So3Jw

NO OLVIDES DARLE LIKE A LA P√ÅGINA PARA M√ÅS VIDEOS"
"573",NA
"574","Cuando tu amiga te remplaza :3
Creador del v√≠deo -> Anthony Cordova  sube bonitos v√≠deos Mira su biograf√≠a ."
"575",NA
"576","La podredumbre del Gobierno Bolivariano es inocultable dentro y fuera de nuestras fronteras. No se pierdan este video!"
"577",NA
"578","LAVA DISNEY"
"579","Gledys Martinez"
"580","Ignorar a partir de los 40 segundos! xD

S√≠guenos en:
Twitter ---> https://twitter.com/ZZRadio
Instagram ---> http://instagram.com/zzradio"
"581",NA
"582","NO ES QUE ANDE ARDIDO, PERO NO SUPERO ESTE VIDEO JAJAJAJA ESTA BUENAZO JAJA"
"583","Darwing Alberto Reyes Ciampi Jajajajajajajajaja"
"584","Aqui el video del dia :V"
"585",NA
"586","Como comprar en una tienda nivel argentino xD
Buenas tardes!! :3"
"587",NA
"588","1era parte. Disculpen que el video este volteado, as√≠ fue grabado. Esto pas√≥ hoy en el punto de inscripci√≥n del CNE en Paseo La Granja #Naguanagua as√≠ actu√≥ la Guardia Nacional contra j√≥venes que quer√≠an inscribirse. Reflejo del miedo que le tiene el gobierno a la juventud que quiere cambio! Devolveremos estos abusos con VOTOS el 6 de diciembre!!!"
"589","As√≠ practicaba Andreina Medina conmigo HAHAHAHA"
"590","EU CHOREI DE RIIIIII AT√â 2050....KKKKHAHAHAHKKKK"
"591",NA
"592","#DontJudgeChallenge
POR : EL TIO RISERBECK!
COMPARTE ;)    Dale like a la pagina para mas buen contenido"
"593","Y el ingrediente que le falta, el que tu y yo sabemos..."
"594","Yummmmmy !!!!!!!!!!!!!"
"595","La nonna Fernando Pestana Margarita de Pestana"
"596","Italian Grandmas Try Olive Garden For The First Time"
"597",NA
"598","√Åndele, luego los dejan todos abollados jajaja ve el video completo https://www.youtube.com/watch?v=4kNYfbi7A_k"
"599",NA
"600","Mira como este padre le miente a su hija. Lo que ver√°s no tiene nombre"
"601","hahahahasjhdajkdashasjk"
"602","QUE HUBIERAN HECHO USTEDES??"
"603","I"
"604","The One Way You Should Be Making Pancakes"
"605",NA
"606","Bom dia com este v√≠deo fofo da beb√™ cantora!"
"607",NA
"608","No es modelo pero dice que puede modelarme la noche entera."
"609","‚ô•.‚ô•"
"610","100% fofo :)
#hiperfm"
"611","No s√©, pero se llama Venezuela."
"612",NA
"613","#CoolDadAward! How cool is her father to do this video with her!

Source: LoveLianeV http://on.fb.me/1LTv1iz"
"614",NA
"615","jaja ben que? 

- Lois Lane"
"616",NA
"617","¬øUn helado de oreo y brownie?; no, EL helado de oreo y brownie.
¬øTe hace uno?"
"618",NA
"619","SONO BRUTTO CHALLENGE #Dontjudgechallenge #Waynereillychallenge"
"620","Demasiado real."
"621",NA
"622","Hermosa la ni√±a Ajajaja

VIDEO :https://youtu.be/WzOJ9H-TXYI

Siguenos : MF RECORDS"
"623",NA
"624","https://www.youtube.com/watch?v=jGflUbPQfW8 <3"
"625","Ahoki."
"626","¬øQu√© habr√° querido decir?"
"627",NA
"628","La gente es Genial Ì†ΩÌ∏ç"
"629","Ac√°... "
"630",NA
"631","un capullo cualquiera Carlos Oaf"
"632",NA
"633","¬°Creo que estos tiernos animales se sintieron perritos!
¬°Son una ternura de mascotas! 
¬°Checa el V√çDEO!"
"634","obviamente."
"635","B√°rbara Aguilera "
"636",NA
"637",NA
"638","T√≠pico."
"639","No se salva nadie"
"640","haters gonna hate"
"641","Concuerdo con ella, los chavistas y izquierdistas se quejan que no se les da el espacio para debatir o para compartir sus ideas. Claro porque lo √∫nico que saben hacer en estos casos es alzar la voz, insultar y negar todo. Casualmente siempre se retiran ¬øQue coincidencia no? As√≠ que antes de decir que no se les dan espacios aprendan las normas del buen hablante y del buen oyente. Intenso debate entre Gloria √Ålvarez y chavista en NTN24 (via @Pocket)"
"642",NA
"643","Wow! Quiero conocerte :("
"644","Irina <3 "
"645","This is Brasi... Ah no. Es Venezuela"
"646",NA
"647","Un saluto ai tifosi azzurri per l'inizio della nuova stagione! #ForzaNapoliSempre"
"648","Si tienes hojas y cartones, gana dinero por ello."
"649","‚ù§"
"650",NA
"651","Muy triste pero cierto. Relato de venezolanos que han emigrado durante gobiernos de Ch√°vez y Maduro (via @Pocket)"
"652","Mi idolo, cuando sea grande quiero ser como ella!"
"653",NA
"654","#Papa: ‚ÄúQuesta √® la nostra #rivoluzione, perch√© la #fede √® sempre rivoluzionaria‚Äù (foto ANSA)

Per leggere la notizia clicca qui: http://goo.gl/tr1C1b"
"655",NA
"656","Forever estas 2 mujeres <3"
"657","Esto es una fucking pieza ok?"
"658","ll√©gale"
"659","Ya lo quiero Ver xD"
"660","https://www.youtube.com/watch?v=LHDV6Qr6z7U

Interculturalidad o comuni√≥n musicante:
Todxs somos humanxs"
"661","Best movie ever<3"
"662","La Biblia"
"663","Precioso"
"664","Soy lo masÌ†ΩÌ∏Å"
"665","http://youtu.be/8f4BpGbVnDk 
I Ì†ºÌºã you ‚ù§Ô∏è"
"666","Bellos ellos, bello el carro, bella la m√∫sica, bello todo chico."
"667",NA
"668",NA
"669","Sigue bailando... no hay nadie mirando 
"
"670","Just Firebeatz eating a burger Ì†ºÌΩî Ì†ºÌΩî Ì†ºÌΩî"
"671",NA
"672","Los tiempos cambiaran,siempre contigoÌ†ΩÌ±ë"
"673","grey valera"
"674","jajajajajaa la mas  ciega XD ya se que estos lentes estan buenos"
"675","Para ti mi amor, que mejor momento que este para dedicarte una de las mejores que he escuchado en mi vida.. Te amo mi vida. feliz Cumplea√±osÌ†ºÌæà‚ù§Ô∏è"
"676",NA
"677","asi se siente vivir en charallave! :C"
"678",NA
"679","Esta clase de amor que te limpia el alma, que te llena el coraz√≥n <3 amores tan grandes y puros!!! este es uno de mis grandes sue√±os... como hab√≠a olvidado que esto es lo que yo anhelo tener un d√≠a en mi vida!!"
"680",NA
"681","#DontJudgeChallenge
‚Ä¢  ‚Ä¢. ‚Ä¢. ‚Ä¢. ‚Ä¢. ‚Ä¢. ‚Ä¢. ‚Ä¢. ‚Ä¢. ‚Ä¢. 
Nota: Ma√±ana hay video nuevo en YouTube! https://www.youtube.com/user/montesquiew"
"682",NA
"683","Jajaja la cago chingo. Todo. Por quedar bien jajaaj"
"684","No tengo palabras para describir este video, pero sin duda una excelente ense√±anza.. La humilmidad la tiene el que menos necesita dinero, y el que mas tiene dinero necesita mas humildad!.."
"685","Q buena ense√±anza"
"686",NA
"687","Maiwedel' Vs Pakiao'  #mayweather #vs #pacquiao #fight #boxing #floyd #manny"
"688","Vacila xd HEnder Color Khevyn"
"689","Pero que carajos, jajaja ya no saben ni que inventar"
"690","Y ahora Vzla de qued√≥ sin cines"
"691",NA
"692",NA
"693",NA
"694","Las mujeres lo que quieren es un hombre"
"695","Yo har√≠a todo esto con mucho gusto."
"696","9 Grandes trolleadas que debes hacer para morir en paz!!!
Para divertirte un rato......Est√°n muy buenas :) 
comp√°rtelas con tus amigos !!"
"697",NA
"698","Hermosas las mujeres que son trabajadoras y humildes. 

LIKE ‚ô•"
"699",NA
"700","V√©anlo. Para la reflexi√≥n. Historia de una madre soltera que abandon√≥ Venezuela para sacar a sus hijos adelante (via @Pocket)"
"701","Tenemos que aprovechar a ir ahora Carla AndreaaJessica MorenooKatiuska Montesano Cilibertoo"
"702","Asi se despierta a un hermano JAJAJAJAJ"
"703","This is how you hit the Beat :D"
"704","Divinamente regia"
"705","THIS VINE SAVED MY LIFE Ì†ΩÌ∏ÇÌ†ΩÌ∏≠Ì†ΩÌ∏ÇÌ†ΩÌ∏≠Ì†ΩÌ∏ÇÌ†ΩÌ∏≠Ì†ΩÌ∏ÇÌ†ΩÌ∏≠Ì†ΩÌ∏ÇÌ†ΩÌ∏≠

LIKE ‚û°Ô∏è SoFloAntonio"
"706",NA
"707",NA
"708",NA
"709","Oh dioh mio Ì†ΩÌ∏∞ http://youtu.be/4kNYfbi7A_k ve el video"
"710","Arie Levi Chocr√≥n Fern√°ndez"
"711","Criatura amigable del d√≠a: liebre polar (Lepus arcticus) 

Estos mam√≠feros, nativos de Groenlandia y Canad√°, poseen un avanzado sentido del olfato y un esponjado cuerpo para soportar las regiones polares. Miden entre 55 y 70 cm de largo y se alimentan de plantas peque√±as. 

Fotos: ¬© Paul Nicklen, David R. Gray y Jim Brandenburg"
"712",NA
"713","#Venezolanos activos a inscribirse en el RE"
"714","Quanti ""Pinocchi"" ci sono in circolazione oggi!!!!! con i nasi sempre pi√π lunghi....."
"715","7 LUGLIO 1881: COLLODI PUBBLICA 
LE PRIME STORIE DI PINOCCHIO

Il personaggio pi√π amato della letteratura per ragazzi nacque come risposta a un mutamento cruciale della societ√† italiana e come occasione di guadagno per Carlo Lorenzini, in arte Collodi, che in quel periodo non se la passava tanto bene. 

All'indomani del completamento dell'Unit√† d'Italia, una delle prime problematiche da affrontare era l'istruzione pubblica, alla luce del fatto che il 78% della popolazione risultava analfabeta, con punte massime in Sardegna (91%), Calabria e Sicilia (entrambe al 90%). 

Con la legge Coppino del 1877 si estese l'obbligo scolastico a tutti, portando l'istruzione elementare gratuita da due a tre anni (regolata dalla precedente legge Casati del 1859).

Il Collodi cerc√≤ di esprimere a modo suo la riluttanza di migliaia di bambini ad adempiere all'obbligo scolastico, dando vita a personaggi discoli e svogliati come Giannettino e Minuzzolo, che prepararono il terreno a un terzo destinato a grande fama. Spinto dagli editori, entusiasti per le sue storie, e dalla necessit√† di far fronte alle spese della vita, Collodi si mise a pensare a un nuovo soggetto.

Quando nel 1881 invi√≤ i primi due capitoli alla redazione del Giornale per i bambini, supplemento del gioved√¨ del quotidiano fiorentino Fanfulla, li present√≤ come ¬´bambinata¬ª, sollecitando un sostanzioso pagamento affinch√© decidesse di portarla avanti. 

Pubblicate il 7 luglio con il titolo ""La storia d'un burattino"", le imprese di Pinocchio (termine toscano che sta per pinolo, seme commestibile del pino), conquistarono i piccoli lettori e non solo.

Senza avere in mente come proseguire il racconto e avendo preventivato inizialmente soltanto otto capitoli, l'autore continu√≤ la serie fino al gennaio del 1883. A febbraio dello stesso anno, dopo aver rivisto la suddivisione in capitoli e completato il testo con le illustrazioni di Enrico Mazzanti, Collodi diede alle stampe il romanzo Le avventure di Pinocchio, per la casa editrice Paggi.

Il resto √® storia pi√π o meno recente di un personaggio, fonte inesauribile per scrittori, registi e disegnatori: dal film d'animazione della Disney (1940) al Pinocchio (2002) recitato da Roberto Benigni, passando per le varie versioni televisive e a fumetti.

(www.mondi.it)"
"716",":v Laura Lezama

"
"717",NA
"718","Listen To The Evolution Of Michael Jackson Music And Dance Your Face Off (via @Pocket)"
"719","Ver esto e intentar no morir de la arrechera!... AHORA SI EXISTEN LEYES EN ESTE PAIS, MARIO SILVA ES EN SERIO CDTM"
"720","Mario Silva le responde a Vanessa Senior (Video Bomba)"
"721",NA
"722","Ni siquiera el presidente puede con el rencor de una Mujer... no lo culpo."
"723",NA
"724","Stop calling him black..."
"725","Medio borrosa por el fotografo, pero <3"
"726","Carol Isea Fernandez YAAAAAASSSSSSS zarzamora ven a mi aajajsjjajsjskasa"
"727","Scrivo ancora sui vetri appannati
non ho mai fatto pace con i miei pensieri
arrossisco come la melagrana tentata dal sole innamorato.
Maurizio Picariello Due"
"728",":v Para lectores y consumidores."
"729","Conoce de primera mano la IMAGEN de 6ta Feria del Libro de Caracas, bajo el lema ""Leer al Pa√≠s"", esta se llevar√° a cabo del 24 julio al 02 de agosto en la plaza de Los Museos y parque de Los Caobos.
En esta oportunidad la feria dedicar√° su programaci√≥n al estudio de la venezolanidad desde la literatura y dem√°s manifestaciones culturales. Este gran evento tendr√° como protagonistas a C√©sar Rengifo y Juan Liscano"
"730","Que no llegue esta vaina a chacao nunca"
"731","I need these RIGHT NOW!

Matt x"
"732",NA
"733","ustedes jajajaja Alcides Ponce Emily Oriana Rodr√≠guez Valera"
"734","jajajaja... este man me alegro el d√≠a..."
"735",NA
"736","ESO NO SE HACE!!! 
Merette Show"
"737","Darwing Alberto Reyes Ciampi Oskar Sneyder Ni√±o"
"738","Asi... Tu que opinas ?"
"739","hace 52 a√±os los escarabajos"
"740",NA
"741","Lo que f√°cil viene f√°cil se va, as√≠ de sencillo. Pacquiao forever"
"742",NA
"743","Para que ya no pidas m√°s :P"
"744",NA
"745","Esto es incre√≠ble unos #perros se meten en medio de una pelea de #Gatos para detenerla 
M√≠rala y comp√°rtela

#Video #Cat #Dog #Houston"
"746",NA
"747","Monday morning + u still at the rave..LOL

Tag all your party people and click here to download the new #kryoman mix - http://bit.ly/1HqhvQM"
"748","AJAJAJAJAJAJAJAJAJAJAJAJA NO PUEDO CREER ESTA VAINA QUE BOLASSS TIENE ESTE TIPO VALE JAAJAJAJAJAJAJAJAJAAJJAJAJAJAJAJAJAAJA"
"749","No pues ..."
"750",":-)"
"751","Colaboraci√≥n N¬∫728. Escuchada por @ganenomueran."
"752",NA
"753","Poor Wayne :( lol"
"754","*w*"
"755","Algo as√≠, cuadra demasiadoÌ†ΩÌ∏çÌ†ΩÌ±å.

28-‚ôõ.."
"756","Aja! Esta excelente! Esto es para las mentes desconectadas que se cierran con este tipo de informaci√≥n as√≠ como ostras reci√©n salidas del agua
A parte, a este punto ya no es como demasiado l√≥gico que somos almas eternas en cuerpos materiales terrenales?"
"757",NA
"758","Gracias por tanto cari√±o cu√±ada bella, me has dado afecto siempre que ha sido necesario, Gracias por tu apoyo siempre. Te quiero ‚ô• Eres parte de nuestra familia‚ô•"
"759","que interesante y la verdad es que si pensamos eso."
"760","Alexander J. Carre√±o forever young"
"761","Aseguran que Puerto Rico ""puede acabar como Grecia"" (via @Pocket)"
"762",NA
"763","Lo eres todo - Guaco."
"764",NA
"765",NA
"766","Maaaaaario.....! Escucha esta Mario"
"767",NA
"768","KKKKK muito boa
ME ADICIONA como amigo?--> Paulo Rodrigues *--*"
"769",NA
"770",NA
"771","Lmao!"
"772",NA
"773","#As√≠FueEnIm√°genes el atraco a entidad bancaria en Caracas, eran ocho quienes pretend√≠an llevarse una suma de dinero de la agencia.

Mientras que dos de los ladrones huyeron al correr hacia la avenida Sorbona de Bello Monte, con al menos 300 mil bol√≠vares a cuestas, uno de estos volvi√≥ a entrar al banco. All√≠ se cambi√≥ de ropa y se despoj√≥ de todos sus bienes, incluyendo documentos, celular y armas, a fin de confundirse con las v√≠ctimas. Sin embargo, los funcionarios lo identificaron y apresaron. Su nombre es √âdgar Blanco, de 26 a√±os.

M√°s detalles: http://bit.ly/1HIzUbx"
"774",NA
"775","lolllll JARXIEL"
"776","B-)"
"777","thiking out loud <3"
"778",NA
"779","Siento que amo a este perro que beelllooo ,toda una cuchura Lorea Eguibar Eventos Atenea"
"780",NA
"781","A poner en pr√°ctica este consejo :)

S√≠guenos en:
Twitter --> https://twitter.com/ZZRadio
Instagram --> http://instagram.com/zzradio"
"782","Si piensas m√°s all√° realmente.. Ver√°s que esto es perfecci√≥n universal, sin palabras la energ√≠a te dice lo que deber√≠as comer.. Por simple m√©todo de aprendizaje de asociaci√≥n"
"783","9 alimentos que se parecen a partes del cuerpo, ¬°y ayudan a su funcionamiento!
+ Info: http://www.labioguia.com/notas/9-alimentos-que-se-parecen-a-partes-del-cuerpo-y-ayudan-a-su-funcionamiento"
"784",NA
"785","EL MEJOR INVENTO DE LA HUMANIDAD"
"786","Por lo menos se mantendr√≠an ejercitados"
"787","Everyone knows I love #VideoGames!
Damn! I think this is The #Future of #Gaming!
Just hope no one has #HeartAttacks playing #Zombie #games!"
"788",NA
"789","Sembra un normale vecchietto rimbambito, ma sta per far fare una figuraccia a tutti i giovanotti sullo skate - Crediti a Pranksters

Seguici su Video Incredibili :D"
"790","OKEY. ESTO ES TENER BOLAS OYO !!!!!"
"791","Do you know anyone who can take a shot like this"
"792",NA
"793","Daniela Guerrero No entiendo nada"
"794",NA
"795","LIKE: ADDIKTION & Find more: ADDIKTION.NET"
"796",NA
"797","10 Reasons Why Pit Bulls Are Actually The Best"
"798",NA
"799","Frozen like you've never heard it before."
"800",NA
"801","WTF HOLD ON What's this shit !!! /:"
"802","WHAT... THE... FUCK... DID... I... JUST... WATCH... LOL. 
MY LIFE IS RUINED.... 
LOLOLOLOLOLO"
"803","lindooo <3"
"804","Te regalo momentos asi y una vida juntos ‚ù§

Sigueme en -> Christian Rivera para mas videos ."
"805","JAJAJAJAJAJAJAJAJAJAAJAJAJAJA queee chimbooo"
"806","Se fuerte mi amor te amo..  
Unete a Merette Show Siguenos en Instagram @MeretteShow"
"807",NA
"808","Mascherano, mi unico heroe en este lio.

#ElFacha"
"809",NA
"810","Los de la banda del Coba copiando esto en 3, 2, 1... Assshhh jajaja"
"811","YO SOY TU CARPINTERO, AY MAM√Å AY MAM√Å

 MIRA TAMBI√âN ESTE VIDEO: https://www.youtube.com/watch?v=nZvNr3So3Jw

NO OLVIDES DARLE LIKE A LA P√ÅGINA PARA M√ÅS VIDEOS"
"812",NA
"813","""Vincent"" (Live) by Don McLean (1972) ‚Äî For more videos like this, please follow (Like) the Official Facebook Page of Sydney Urshan!

Dedicated to Anna Capoccetta (the girl in my cover photo painting my portrait)

""Vincent"" (sometimes called ""Starry, Starry Night"") was written by Don McLean and released as a single on June 17, 1971. It was then released on his second album American Pie on October 24, 1971. (This video was filmed only a few months after the release of the album.)

""Vincent"" is about the painter Vincent van Gogh. The lyrics, ""Starry, starry night"" refer to van Gogh's painting ""The Starry Night"" which is seen in the beginning of this video. The song also describes other works by van Gogh. Art imitating art...

The song was a #1 hit on the UK Singles Chart, #12 on the Billboard Hot 100, and #2 on the Billboard Easy Listening chart. Billboard ranked it as the #94 song for 1972.

The album American Pie was #1 on the Billboard 200 chart sporting two #1 singles including ""American Pie"" (the only song I know of that is longer than the theme to Gilligan's Island) which was #1 on the Billboard Hot 100 for four weeks in 1972 and #2 in the UK. In 2002, the song ""American Pie"" was inducted into the Grammy Hall of Fame. The album was listed in the book ""1001 Albums You Must Hear Before You Die.""

Don McLean was inaugurated into the Songwriters Hall of Fame in 2004, and in 2012, he won the BBC Radio 2 Folk Awards Lifetime Achievement Award.

#Vincent #DonMcLean #StarryStarryNight #AmericanPie #Billboard #TheStarryNight #VincentVanGogh #FolkMusic #1001AlbumsYouMustHearBeforeYouDie"
"814",NA
"815",NA
"816",NA
"817","The motivation is real here :D"
"818",NA
"819",NA
"820","Andres Ramirez"
"821","http://ift.tt/1Cw3Xk6"
"822","Ojal√° y no estuvi√©semos tan encochinados con la sociedad y sus exigencias y poder reconocer que la mayor riqueza es la vida"
"823","Hoy hace 34 a√±os que nos dej√≥ Bob Marley, pero su filosof√≠a y forma de vivir la vida, sigue muy viva!! 

DEP #BobMarley!!

www.bythefest.com"
"824","es obvio que son a asi !! B√°sicos a si lo oculten"
"825","El hombre perfecto!"
"826",NA
"827","Amazing and Unbelievable Magic!  www.havetime.ch
https://www.youtube.com/watch?v=n_YpeqDL5tY"
"828",NA
"829","NON SMETTER√í MAI DI DIRVELO!!!
USIAMO LA TESTA SU STRADA!!!"
"830","4 a√±os, otros tantos scudetti, una Coppa Italia y dos Supercoppe. Todos en pie: http://juve.it/Peno3"
"831","Alta velocidad....!!!"
"832",NA
"833","No me niegues que te gusto, No trates de tapar el sol con solo un dedo tu a mi me gustas mucho y no te lo niegoÌ†ºÌæ∂Ì†ºÌæµÌ†ºÌæß
LA MEJOR SIN DUDAÌ†ΩÌ∏çÌ†ΩÌ±å"
"834",NA
"835","OMG.. its not good.."
"836",NA
"837","Con un humor un tanto salvaje, el ilustrador Rafael Koff nos presenta ""Freddy and Jason have Fun"", una singular historia que presenta la sangrienta amistad entre Freddy Krueger (Pesadilla en Elm Street) y Jason (Viernes 13) y las aventuras que les toca vivir d√≠a a d√≠a."
"838",NA
"839","Viva Brasil....!!!
Hahahahahahaha....!!!"
"840","Brazilian TV show makes a prank with Bikini girls by  Programa P√¢nico

www.instagram.com/JosiPaula"
"841",NA
"842","¬øCon qui√©n te animar√≠as a jugar esto?

MIRA TAMBI√âN ESTE VIDEO: https://www.youtube.com/watch?v=nZvNr3So3Jw

NO OLVIDES DARLE LIKE A LA P√ÅGINA PARA M√ÅS VIDEOS"
"843",NA
"844","What are the Minions cooking up? #TopChef, soccer, and more with the new XFINITY X1.

Don‚Äôt miss the Minions movie premiere in theaters July 10."
"845","Genny Molero Franceschi jajaja"
"846","COMO CONQUISTAR CHICAS EN EL GYM... :V HAHAHA xD. Comparte R√°pido y Subo Otro !"
"847",NA
"848","Uma das mais gatas
ME ADICIONA como amigo?--> Paulo Rodrigues *--*"
"849","¬°Qu√© fiesta con Claudio en el Stadium Megastore! http://juve.it/PfOiE #Marchisio2020"
"850","Chomioo!"
"851",NA
"852",NA
"853","Resort galleggiante alimentato completamente ad energia solare...

Ecologico e con un design fantastico!"
"854",NA
"855","Gente que va al super..."
"856",NA
"857",NA
"858","ATENCI√ìN | Toma de rehenes en Caracas: antisociales tendr√≠an en su poder a personal y clientes del Banco de Venezuela www.bit.ly/1NLDGll 

(Fotos:Twitter/@Daniel_Mijares)"
"859",NA
"860","Para Haiti en 2010: $100 millones. Y recientemente Para Nepal $5 millones, Para Gaza otros $5 millones... Y Para Guasdualito: 
A Mil Bolos la bolsa e' comida :v"
"861",NA
"862",NA
"863","Jajajaja"
"864",NA
"865","Muy Bonito...."
"866","Vita Da Star RMX. Il video ufficiale su Vevo."
"867","""ella no esta loca, simplemente es feliz de una manera incomprensible..,."""
"868",NA
"869",NA
"870","Gast√≥n? De verdad? Ì†ΩÌ∏í"
"871",NA
"872",NA
"873",NA
"874",":)"
"875","¬øy ustedes :v xD?"
"876",NA
"877",NA
"878","Risas, risas y m√°s risas... ¬°Eso es lo que tienen los #Minions para vos! Compr√° ahora tus entradas y disfrutalos en espectacular 3D. 

Gran √©xito, s√≥lo en cines. www.minions3d.com.ar"
"879",NA
"880","ENAMORATE EN EL COCHE"
"881","Juan Nieto Gerardo Antonio Sans Serif ya no necesitan mouse :D"
"882","#ÿ¥ÿßŸáÿØ
ÿ¥ÿßÿ® ŸäÿπÿßŸÑÿ¨ ÿµŸàÿ± ÿπÿ®ÿ± ÿ®ÿ±ŸÜÿßŸÖÿ¨ ÿßŸÑŸÅŸàÿ™Ÿàÿ¥Ÿàÿ® ÿ®ÿ≥ÿ±ÿπÿ© ÿπÿßŸÑŸäÿ©."
"883",NA
"884","Buddha and cats"
"885",NA
"886","Todos cometemos errores, por eso valoramos a las personas que est√°n con nosotros a pesar de todo."
"887",NA
"888","¬°Buen d√≠a! #MEGACirco"
"889",NA
"890","Potato + Bacon + Cheese = BOMB!!!! It's that simple.

Follow The MeatMen for more great recipe ideas. #bacon"
"891",NA
"892","Jajajajajajajaja mam√° y sus cosas :3 

Anthony ¬¨¬¨"
"893",NA
"894","Que todo lo que salga de nosotros sea para bien."
"895","Realidad..."
"896","Resumen oficial de la Copa Am√©rica 2015 jejeje 

‚úî No te olvides de darle me gusta a la pagina para mas v√≠deos."
"897",NA
"898","E de repente na escada rolante do shopping KKKK... Voc√™ viu a C√¢mera Escondida in√©dita? Corre pra assistir na √≠ntegra e come√ßar a semana dando risada http://goo.gl/iu0l8z"
"899",NA
"900","Los visitantes que esperaban ver un espect√°culo de fuegos artificiales en el parque de Disney World Magic Kingdom  presenciaron un espect√°culo de luces algo diferente

[FOTOS]: http://cnn.it/1Th7OYK"
"901",NA
"902","Algunas personas 'aman' a Dios porque √âl da. Ellos son parte de esa basura llamada ""evangelio"" de la prosperidad.  
- Leonard Ravenhill"
"903",NA
"904","Orgullosamente venezolano, ¬øY t√∫? #SoyVenezolano #Venezuela"
"905",NA
"906","<3

By:.-Jgco-."
"907",NA
"908",NA
"909",NA
"910",NA
"911","JAJAJA"
"912","#Grecia: allarme turisti, ma i #touroperator rassicurano #Grexit

Per leggere la notizia clicca qui: http://goo.gl/ovgV0v"
"913",NA
"914","Yo . . . en este preciso instante uwu Que? Soy el √∫nico que va de fiesta los lunes? ._:"
"915",NA
"916",NA
"917",NA
"918","""Venezuela"""
"919",NA
"920",NA
"921","A quien le pasa esto?? A mi siempre con mis amigas!! Jajaja.
Pero a√∫n a distancia siempre est√°n ahi :)

Etiqueta a tus amigas si te pasa igual Belle!"
"922",NA
"923","FUNNIEST TRANSFORMATION EVER!!! #DontJudgeChallenge

LIKE ‚û°Ô∏è SoFloAntonio"
"924",NA
"925","Maravillosa Tailandia."
"926",NA
"927","¬°Llegaron las vacaciones! 
LIKE si es t√∫ situaci√≥n XD

#PonteEXA"
"928","Pero que vista tan hermosaaaaaa valeee"
"929","Look"
"930","Drunk! "
"931",NA
"932",NA
"933",NA
"934",NA
"935","PASTEL ATRAPA MARIDO

Masa
1 lata de leche condensada 
1 lata de leche EVAPORADA
1 vaso de leche de coco
500 grs  harina de trigo  (2 tazas y media aprox)
1/2 taza de az√∫car
3 huevos enteros grandes
3 cucharadas de margarina

Cobertura
1 vaso de leche de coco
2 cucharas de az√∫car
1 paquete de coco rallado

Batir todos los ingredientes en una licuadora. 
Coloque en un molde engrasado y enharinado. 
Cocinar al horno medio (200¬∞ C) hasta dorar, 30 a 60 minutos, dependiendo del horno. 
Haga la prueba del palillo de dientes para sacar del horno.

Cobertura

Al fuego la leche de coco, el az√∫car y el coco rallado. 
Llevar a ebullici√≥n y vierta sobre la torta caliente.

* Igual a leche condensada. 

la consistencia es igual a la de un pastel de queso y no de una torta com√∫n y es muy sabroso.
Para que no pierdas esta receta, aseg√∫rate de darle COMPARTIR y se almacenar√° en tu p√°gina personal de Facebook!!!"
"936",NA
"937","Cuando la naturaleza nos da una gran lecci√≥n."
"938",NA
"939",NA
"940",NA
"941",NA
"942","Los jueves no terminan bien sin techno, al aire ¬°Dirty Beats! con Negro Salcedo (Official Fan Page)

A trav√©s de BEAT 100.9 Total music."
"943",NA
"944","#Pirlo lascia la #SerieA e vola negli #USA: ecco perch√® il suo √® solo un ""hello"" e non un ""goodbye"" ---> http://vivoazzurro.it/news/caro-mr-pirlo-hello-goodbye/
#Azzurri #Nazionale #EroiAzzurri #VivoAzzurro
Andrea Pirlo"
"945",NA
"946","Ì†ΩÌ∏çÌ†ΩÌ∏ç‚ù§"
"947","Con la Juve en el coraz√≥n, tambi√©n de vacaciones. √âstas son las fotos de nuestros campeones.

¬°Mostradnos las vuestras! #SummerWithJu"
"948","Sarebbe pure ora!!!!!"
"949","Alla #CameradeiDeputati la proposta di legge per il #riacquistodellacittadinanzaitaliana

Per partecipare alla petizione clicca qui: https://www.change.org/p/presidente-della-camera-dei-deputati-on-laura-boldrini-con-questa-petizione-vi-chiedo-di-sostenere-la-mia-proposta-di-legge-sul-riacquisto-della-cittadinanza-n-2794-affinch%C3%A9-venga-discussa-nell-aula-di-montecitorio-il-prima-possibile"
"950","‚ô•..."
"951","Gianluigi Buffon ha salutato Andrea Pirlo in una lunga lettera che in sintesi √® l'immagine di una grande amicizia. #IlCalcio√®DiChiLoAma"
"952",NA
"953","Just Beat It Buddy  W/ Wuz Good @msjackyoh Timothy kennedy #LikeIfYouThoughtThatMoonwalkWasLegitness"
"954",NA
"955","Wie funktioniert das ??!!"
"956",NA
"957","mi juego favoritoooooo"
"958",NA
"959",NA
"960","Lol!!!!! TB!!"
"961","#PedasitoDeMiVida #Loveu #Cute #Baby"
"962","Yo que no se nada y veo esto. Me muero en un segundo hhaha que bello y perfecto a la ves."
"963","Ser√° totalmente R Porfin! Ser√° una o si no la mejor pel√≠cula por ver"
"964","Combine the producing skills of Blasterjaxx & MOTi with the great vocals of Jonathan Mendelsohn and BOOM! Here's the awesome result: http://btprt.dj/1CDIUsJ"
"965",NA
"966","Mi bella infancia"
"967","Am√©n.."
"968",NA
"969","Verga que descaro"
"970",NA
"971",NA
"972","Obra maestra. Prohibido olvidar este video.

"
"973",NA
"974",NA
"975",NA
"976","Copa Am√©rica centenario!"
"977","Lloro :( ‚ô•"
"978","Il saluto di Andrea Pirlo alla Juventus."
"979","W Carolina Jim√©nez Ana Castillo en dias de finales no? hahahaha"
"980","Cuando te encuentras a alguien de medicina."
"981","mi reaccion ante el paro
"
"982","https://www.youtube.com/watch?v=Nw8n_a1b0XU&feature=youtu.be

As√≠ hubiese quedado mejor

Humberto Rodrigues David Rojas Luis Arguello Javier Flores David Mor√°n German Blandin Andr√©s Eloy Fernandes Luis Aguiar Victor Meneses Samuel Nacache P√©rez Mauricio Machuca Felix Izarra"
"983",NA
"984","¬øQu√© les parece? :)"
"985","Jajajajaja algo que ya sabia ‚ô•"
"986","Jajajaja Manuel C√°mara Hern√°ndez bailando el serrucho Ren√© Reyes y Anna Antonella Santella"
"987","Ahora resulta que hasta el perro baila  la canci√≥n del ""El Serrucho""..... jajajajaja"
"988",NA
"989","- Braulio Iram R√≠os -

¬øY ya la quieren? :D
¬°OJO! Yo no las vendo ni se donde conseguirlas :D"
"990",NA
"991","Informe de cine
"
"992","Hasta cuando Dios mio??? :("
"993","patineta venezolanaaa !! SAPO LO CAIII JAJAJAJAJA"
"994","Thug Life #2.

Dale ""Me gusta"" y compartir si quieres ver m√°s Vines y ""Thug Life"" como este. 

Si quieres ver el video completo, aqu√≠ est√° el enlace, est√° super ching√≥n.
https://www.youtube.com/watch?v=NEdzdFLyZMc

Agradezco a @Rene Castro por haberme enviado su idea y el video para poder hacer posible este vine."
"995",NA
"996","Sape gato."
"997","Aqu√≠ vamos..."
"998","Jajajaja"
"999",NA
"1000","Siempre he querido ver un OVNI, que brutal! jajaja"
